filename,ground_truth,p_angry,p_happy,p_neutral,p_sad,predicted_label,confidence,retained_probability_mass,model_name,inference_seconds_cpu
01-01-01-01-01-01-01.mp4,neutral,0.033633750331137455,0.024282231388176378,0.9418456219022796,0.00023839637840658852,neutral,0.9418456219022796,1.000000098894816,superb/wav2vec2-base-superb-er,1.094821649000096
01-01-01-01-01-01-02.mp4,neutral,0.06978342802000896,0.012025333216237862,0.9181543746363785,3.686412737469221e-05,neutral,0.9181543746363785,0.9999999828214641,superb/wav2vec2-base-superb-er,0.678717486000096
01-01-01-01-01-01-03.mp4,neutral,0.10111162600848814,0.02668462441462939,0.8721855054423074,1.8244134575000845e-05,neutral,0.8721855054423074,1.0000000945219654,superb/wav2vec2-base-superb-er,0.45696098100006566
01-01-01-01-01-01-04.mp4,neutral,0.10691777780334137,0.017356364975202085,0.8756995320915583,2.6325129898270945e-05,neutral,0.8756995320915583,1.0000000543841452,superb/wav2vec2-base-superb-er,0.5045138010000301
01-01-01-01-01-01-05.mp4,neutral,0.057727273556427684,0.0706915305014847,0.8713183965724753,0.0002627993696122372,neutral,0.8713183965724753,0.9999999354186002,superb/wav2vec2-base-superb-er,0.872873738999715
01-01-01-01-01-01-06.mp4,neutral,0.7301477420783423,0.03457366410074387,0.2337576819599258,0.0015209118609879476,angry,0.7301477420783423,0.9999999689171091,superb/wav2vec2-base-superb-er,0.6295459089997166
01-01-01-01-01-02-01.mp4,neutral,0.033251139688442524,0.1747901009051539,0.7916054878820737,0.0003532715243298734,neutral,0.7916054878820737,0.9999999053543434,superb/wav2vec2-base-superb-er,0.6125969859999714
01-01-01-01-01-02-02.mp4,neutral,0.15751627782614977,0.01627497665389346,0.8261888206202643,1.9924899692494426e-05,neutral,0.8261888206202643,1.000000050476956,superb/wav2vec2-base-superb-er,0.6060691220000081
01-01-01-01-01-02-03.mp4,neutral,0.8090173571965942,0.15987715065525043,0.029334070051707066,0.0017714220964483093,angry,0.8090173571965942,1.0000000037252903,superb/wav2vec2-base-superb-er,0.6385362639998675
01-01-01-01-01-02-04.mp4,neutral,0.30884395771817874,0.024406985316872982,0.666719886324199,2.9170640749275975e-05,neutral,0.666719886324199,1.0000000407344487,superb/wav2vec2-base-superb-er,0.5963200800001687
01-01-01-01-01-02-05.mp4,neutral,0.22120409849206166,0.02388729303021978,0.754612433730175,0.000296174747543634,neutral,0.754612433730175,1.0000000160362106,superb/wav2vec2-base-superb-er,0.5889955029997509
01-01-01-01-01-02-06.mp4,neutral,0.8951015839208567,0.03094713702953796,0.07020739008591059,0.0037438889636947905,angry,0.8951015839208567,0.9999999590218067,superb/wav2vec2-base-superb-er,0.6231737319999411
01-01-01-01-02-01-01.mp4,neutral,0.011397812886710539,0.010819254842694156,0.9776737209525286,0.00010921131806671298,neutral,0.9776737209525286,1.0000000491418177,superb/wav2vec2-base-superb-er,0.5431436320000103
01-01-01-01-02-01-02.mp4,neutral,0.5838361731930187,0.0032112074143951343,0.412948335091572,4.28430101414752e-06,angry,0.5838361731930187,0.9999999401466084,superb/wav2vec2-base-superb-er,0.7417102320000595
01-01-01-01-02-01-03.mp4,neutral,0.4247394283773075,0.014981555913466508,0.5602637241300278,1.5291579198224883e-05,neutral,0.5602637241300278,1.0000000514173735,superb/wav2vec2-base-superb-er,0.7242955379997511
01-01-01-01-02-01-04.mp4,neutral,0.43592782878692826,0.002998494684157693,0.5610710646339485,2.61189496547045e-06,neutral,0.5610710646339485,0.9999999529688921,superb/wav2vec2-base-superb-er,0.5972737540000708
01-01-01-01-02-01-05.mp4,neutral,0.7215318551923585,0.02481096938980393,0.25325232295346606,0.00040485246437150195,angry,0.7215318551923585,1.0000000177242327,superb/wav2vec2-base-superb-er,0.551136852000127
01-01-01-01-02-01-06.mp4,neutral,0.8705746396574495,0.011676230155011257,0.11608171332827531,0.0016674168592638653,angry,0.8705746396574495,0.9999999470310286,superb/wav2vec2-base-superb-er,0.5377273760000207
01-01-01-01-02-02-01.mp4,neutral,0.056835783218658176,0.3948542873472185,0.5481214065736096,0.00018852286051370445,neutral,0.5481214065736096,0.9999999747378752,superb/wav2vec2-base-superb-er,0.5378177080001478
01-01-01-01-02-02-02.mp4,neutral,0.554913816754361,0.011200643102526872,0.4338706715518888,1.4868591223300483e-05,angry,0.554913816754361,1.0000000037516656,superb/wav2vec2-base-superb-er,0.5598337880001054
01-01-03-01-01-01-01.mp4,happy,0.051950137856613766,0.5112935284404108,0.43309679455993566,0.0036595391430398064,happy,0.5112935284404108,1.000000003958121,superb/wav2vec2-base-superb-er,0.6539350869998088
01-01-03-01-01-01-02.mp4,happy,0.8605143852599546,0.08258200844456111,0.056777349681779304,0.0001262566137049352,angry,0.8605143852599546,0.9999999506399035,superb/wav2vec2-base-superb-er,0.6372775810000348
01-01-03-01-01-01-03.mp4,happy,0.04284895316615714,0.9250873942106446,0.014360090752946138,0.017703561870252113,happy,0.9250873942106446,1.0000000623986125,superb/wav2vec2-base-superb-er,0.6513394879998486
01-01-03-01-01-01-04.mp4,happy,0.19060530559977373,0.027546291161256817,0.781846792651923,1.6105870464294185e-06,neutral,0.781846792651923,1.0000000366519544,superb/wav2vec2-base-superb-er,0.5028509890003079
01-01-03-01-01-01-05.mp4,happy,0.5730184466061337,0.3408713429648407,0.06150692489202497,0.02460328553700074,angry,0.5730184466061337,0.9999999739229679,superb/wav2vec2-base-superb-er,0.7275992919999226
01-01-03-01-01-01-06.mp4,happy,0.40547902033957034,0.4661720170871581,0.010959304111365387,0.1173896584619062,happy,0.4661720170871581,0.9999999841675162,superb/wav2vec2-base-superb-er,0.5662339529999372
01-01-03-01-02-02-01.mp4,happy,0.1851258074265327,0.33461003221562063,0.47925850212518406,0.0010056582326626296,neutral,0.47925850212518406,0.999999949010089,superb/wav2vec2-base-superb-er,0.563830426000095
01-01-03-01-02-02-02.mp4,happy,0.7103372394068752,0.02562888030798769,0.2639918989472508,4.198133788637485e-05,angry,0.7103372394068752,0.9999999749634298,superb/wav2vec2-base-superb-er,0.7168048939997789
01-01-03-01-02-02-03.mp4,happy,0.4946658482231452,0.19889890628654774,0.3064177850405818,1.7460449725235427e-05,angry,0.4946658482231452,1.000000026091584,superb/wav2vec2-base-superb-er,0.5650625459998082
01-01-03-01-02-02-04.mp4,happy,0.44407016927444015,0.009011912013425497,0.5469163536667029,1.5650454314859276e-06,neutral,0.5469163536667029,0.9999999128790478,superb/wav2vec2-base-superb-er,0.5581051160002062
01-01-03-01-02-02-05.mp4,happy,0.9411242759525743,0.02383530330204629,0.03481697569085996,0.0002234450545193914,angry,0.9411242759525743,0.9999999201681931,superb/wav2vec2-base-superb-er,0.6556561709999187
01-01-03-01-02-02-06.mp4,happy,0.7219755727871143,0.16268581475428517,0.10339990261775209,0.01193870984084843,angry,0.7219755727871143,1.0000000717118382,superb/wav2vec2-base-superb-er,0.5200376949997008
01-01-03-02-01-01-01.mp4,happy,0.683991516558612,0.24675280749100761,0.0681293184389614,0.0011263575114190097,angry,0.683991516558612,0.9999999637948349,superb/wav2vec2-base-superb-er,0.5344071730000906
01-01-03-02-01-01-02.mp4,happy,0.8325051506594696,0.021245253457096477,0.14588145187927937,0.000368144004154599,angry,0.8325051506594696,0.999999947467586,superb/wav2vec2-base-superb-er,0.5440759890002482
01-01-03-02-01-01-03.mp4,happy,0.6654148797201294,0.31415191761799893,0.000365912890635469,0.020067289771236237,angry,0.6654148797201294,0.999999985069735,superb/wav2vec2-base-superb-er,0.9108763270000964
01-01-03-02-01-01-05.mp4,happy,0.6717974272868281,0.22435114874156167,0.06702217784258839,0.03682924612902179,angry,0.6717974272868281,0.9999999515712261,superb/wav2vec2-base-superb-er,0.7646877729998778
01-01-03-02-02-02-01.mp4,happy,0.6808563924215093,0.2312392245951271,0.08680740561972686,0.0010969773636367258,angry,0.6808563924215093,1.000000020954758,superb/wav2vec2-base-superb-er,0.725266991999888
01-01-03-02-02-02-02.mp4,happy,0.9653998150806172,0.006181262984664429,0.02837661134202608,4.231059269231105e-05,angry,0.9653998150806172,0.9999999861720426,superb/wav2vec2-base-superb-er,0.6335749419999956
01-01-03-02-02-02-04.mp4,happy,0.9879528179691096,0.010226553512274859,0.0014582257848163715,0.0003624027337991557,angry,0.9879528179691096,1.000000070896931,superb/wav2vec2-base-superb-er,0.7831878770002731
01-01-03-02-02-02-06.mp4,happy,0.9833032933416485,0.00812910435391763,0.0006540283296396375,0.007913573974794265,angry,0.9833032933416485,1.0000000760192052,superb/wav2vec2-base-superb-er,0.6472876190000534
01-01-04-01-01-01-01.mp4,sad,0.005632569976704763,0.032523835692169004,0.9617490308783243,9.456345280192662e-05,neutral,0.9617490308783243,0.9999999238425517,superb/wav2vec2-base-superb-er,0.5716772949999722
01-01-04-01-01-01-02.mp4,sad,0.29073159751244226,0.028986309454205116,0.679677757896496,0.0006043351368565998,neutral,0.679677757896496,1.0000000390573405,superb/wav2vec2-base-superb-er,0.7616394490000857
01-01-04-01-01-01-03.mp4,sad,0.10427420462812213,0.6725361748061285,0.18642001965165256,0.03676960091409689,happy,0.6725361748061285,0.9999999403953552,superb/wav2vec2-base-superb-er,0.6041988990000391
01-01-04-01-01-01-04.mp4,sad,0.261125767100381,0.21512312160293046,0.5197617883577704,0.003989322938918124,neutral,0.5197617883577704,0.999999909196049,superb/wav2vec2-base-superb-er,0.5312228210000285
01-01-04-01-01-01-05.mp4,sad,0.060528991793188436,0.417485961456407,0.5036133996782265,0.01837164707217804,neutral,0.5036133996782265,0.9999999068677425,superb/wav2vec2-base-superb-er,0.5352601539998432
01-01-04-01-01-01-06.mp4,sad,0.4553781006425727,0.03532641126937308,0.04039032147643303,0.4689051666116211,sad,0.4689051666116211,0.9999999664723873,superb/wav2vec2-base-superb-er,0.5588592699996298
01-01-04-01-02-02-01.mp4,sad,0.0027390754819600943,0.015505796723965539,0.9817261971705512,2.8930623523128795e-05,neutral,0.9817261971705512,1.000000032616299,superb/wav2vec2-base-superb-er,0.5278059980000762
01-01-04-01-02-02-02.mp4,sad,0.6008783995433579,0.032819191406461,0.3653705075357735,0.0009319015144076375,angry,0.6008783995433579,0.9999999306746759,superb/wav2vec2-base-superb-er,0.5965250240001296
01-01-04-01-02-02-03.mp4,sad,0.6945563320956701,0.13866738208138701,0.1307720163122126,0.036004269510730255,angry,0.6945563320956701,0.9999999478459358,superb/wav2vec2-base-superb-er,0.5647672959998999
01-01-04-01-02-02-04.mp4,sad,0.6525302236111991,0.05733209590774623,0.2888187040244206,0.0013189764566341284,angry,0.6525302236111991,1.0000000449363142,superb/wav2vec2-base-superb-er,0.5400753069998245
01-01-04-01-02-02-05.mp4,sad,0.037116570048536655,0.4339569548394111,0.4216744350388983,0.10725204007315396,happy,0.4339569548394111,1.0000000596046448,superb/wav2vec2-base-superb-er,0.5467696289997548
01-01-04-01-02-02-06.mp4,sad,0.513928020568871,0.012068874775909458,0.4670094771473513,0.006993627507868225,angry,0.513928020568871,0.9999999525025487,superb/wav2vec2-base-superb-er,0.5410827440000503
01-01-04-02-01-01-01.mp4,sad,0.021360075887034646,0.2294703955427563,0.7460106289642117,0.0031588996059974043,neutral,0.7460106289642117,0.9999999632127583,superb/wav2vec2-base-superb-er,0.7112673560000076
01-01-04-02-01-01-02.mp4,sad,0.07820502552084586,0.6806214946415797,0.2185231563668973,0.022650323470677084,happy,0.6806214946415797,1.0000000149011612,superb/wav2vec2-base-superb-er,0.7044431510003051
01-01-04-02-01-01-03.mp4,sad,0.01481391889633504,0.9286967701156655,0.0013252221392951425,0.05516408884870427,happy,0.9286967701156655,1.0000000442378223,superb/wav2vec2-base-superb-er,0.6461735489997409
01-01-04-02-01-01-05.mp4,sad,0.006309527793644398,0.556730838196553,0.2693790349154096,0.16758059909439296,happy,0.556730838196553,0.9999999436549842,superb/wav2vec2-base-superb-er,0.5213064280001163
01-01-04-02-02-02-01.mp4,sad,0.04006254170760577,0.022629982990449757,0.9371406728585425,0.00016680244340189622,neutral,0.9371406728585425,1.0000000323780114,superb/wav2vec2-base-superb-er,0.5908464580002146
01-01-04-02-02-02-02.mp4,sad,0.4506466588659413,0.10657693999055894,0.44126679595135726,0.001509605192142548,angry,0.4506466588659413,1.000000087893568,superb/wav2vec2-base-superb-er,0.5139270380000198
01-01-04-02-02-02-04.mp4,sad,0.9351341570353271,0.014916218571522631,0.0492866813468205,0.0006629430463297245,angry,0.9351341570353271,1.000000016472768,superb/wav2vec2-base-superb-er,0.5731330470002831
01-01-04-02-02-02-06.mp4,sad,0.008371978294924242,0.9523534438166192,0.00376206250865043,0.03551251537980612,happy,0.9523534438166192,0.9999999727588147,superb/wav2vec2-base-superb-er,0.6734215859996766
01-01-05-01-01-01-01.mp4,angry,0.9490494424519701,0.03858937702358232,0.011940373838594021,0.00042080668585353485,angry,0.9490494424519701,1.0000000947911758,superb/wav2vec2-base-superb-er,0.7412393570002678
01-01-05-01-01-01-02.mp4,angry,0.894442440092894,0.0036279456731066785,0.10191334795580044,1.6266278198843593e-05,angry,0.894442440092894,0.9999999988667696,superb/wav2vec2-base-superb-er,0.5723362070002622
01-01-05-01-01-01-03.mp4,angry,0.9729165903743668,0.02017597951377457,0.0031710263938648773,0.0037364037179936586,angry,0.9729165903743668,0.9999999518040568,superb/wav2vec2-base-superb-er,0.719656662000034
01-01-05-01-01-01-04.mp4,angry,0.9142440066574351,0.0102844208916073,0.07541066986526036,6.090258569728871e-05,angry,0.9142440066574351,0.9999999233041308,superb/wav2vec2-base-superb-er,0.5516822889999276
01-01-05-01-01-01-05.mp4,angry,0.953972657980271,0.010322904147877005,0.035688570896895984,1.5866974956007593e-05,angry,0.953972657980271,0.9999999162118911,superb/wav2vec2-base-superb-er,0.6482772720000867
01-01-05-01-01-01-06.mp4,angry,0.9933116553375885,0.003965498926408838,0.0009718893094275571,0.0017509564265750905,angry,0.9933116553375885,0.9999999881838448,superb/wav2vec2-base-superb-er,0.5891312040002958
01-01-05-01-02-02-01.mp4,angry,0.9594291255685908,0.018596415258029433,0.021965329526936535,9.129646443206789e-06,angry,0.9594291255685908,0.9999999579813448,superb/wav2vec2-base-superb-er,0.6640312560002712
01-01-05-01-02-02-02.mp4,angry,0.9892056562407326,0.0005643603737858226,0.01022757712185694,2.406263624572007e-06,angry,0.9892056562407326,1.0000000624741006,superb/wav2vec2-base-superb-er,0.6052924839996194
01-01-05-01-02-02-03.mp4,angry,0.9980848907229319,0.0012596271547338851,0.0004976090798661182,0.00015787304246802885,angry,0.9980848907229319,1.0000000120635377,superb/wav2vec2-base-superb-er,0.7354139670001132
01-01-05-01-02-02-04.mp4,angry,0.9494153040997384,0.009049293012046862,0.04144837498839921,8.702789981557583e-05,angry,0.9494153040997384,0.9999999604115146,superb/wav2vec2-base-superb-er,0.7297802569996747
01-01-05-01-02-02-05.mp4,angry,0.9476692368156315,0.01979370909592134,0.03248983143340759,4.7222655039489294e-05,angry,0.9476692368156315,1.0000000325417204,superb/wav2vec2-base-superb-er,0.7431748849999167
01-01-05-01-02-02-06.mp4,angry,0.9983601349778373,0.0005686509753363705,0.0008484048622482074,0.000222809184578139,angry,0.9983601349778373,0.9999999623687472,superb/wav2vec2-base-superb-er,0.6497606349998932
01-01-05-02-01-01-01.mp4,angry,0.9901000951868724,0.0064266077856279255,0.002648170829884476,0.0008251261976152133,angry,0.9901000951868724,0.9999999904539436,superb/wav2vec2-base-superb-er,1.0618510079998487
01-01-05-02-01-01-02.mp4,angry,0.9950588130909591,9.690020313794651e-05,0.004841943457060716,2.34324884218979e-06,angry,0.9950588130909591,0.9999999616677542,superb/wav2vec2-base-superb-er,0.6081208040000092
01-01-05-02-01-01-03.mp4,angry,0.9997182252221324,0.00024956379776661607,9.402275969231478e-06,2.280870413181207e-05,angry,0.9997182252221324,1.0000000236286724,superb/wav2vec2-base-superb-er,0.8367584739999074
01-01-05-02-01-01-05.mp4,angry,0.9998744210087142,5.157249422440592e-05,7.303455991416231e-05,9.719371472241437e-07,angry,0.9998744210087142,1.0000000516158707,superb/wav2vec2-base-superb-er,0.7437656850001986
01-01-05-02-02-02-01.mp4,angry,0.9959149222427403,0.003284465206897957,5.699032306485505e-05,0.0007436222272969115,angry,0.9959149222427403,0.9999999540304998,superb/wav2vec2-base-superb-er,0.7114614979996077
01-01-05-02-02-02-02.mp4,angry,0.98869720855192,9.822639920360999e-05,0.011204479685398597,8.536347773523853e-08,angry,0.98869720855192,0.9999999622324438,superb/wav2vec2-base-superb-er,0.6123769579999134
01-01-05-02-02-02-04.mp4,angry,0.9983725677317254,0.0004053379336024115,0.0012059905002739651,1.610383439821562e-05,angry,0.9983725677317254,1.0000000467280188,superb/wav2vec2-base-superb-er,0.6235233649999827
01-01-05-02-02-02-06.mp4,angry,0.9988829362011262,0.0006784174385568159,3.932560087443799e-05,0.0003993207594425555,angry,0.9988829362011262,1.0000000131658453,superb/wav2vec2-base-superb-er,0.6694590980000612
