filename,ground_truth,actor,actor_sex,intensity,statement,repetition,source_archive,size_bytes,sha256
01-01-01-01-01-01-01.mp4,neutral,1,male,normal,1,1,Video_Speech_Actor_01.zip,31852,e8218d37a3f4549f656df501661e180488f3f930f5dc9bd1afd7e938fc667be1
01-01-01-01-01-01-02.mp4,neutral,2,female,normal,1,1,Video_Speech_Actor_02.zip,39141,c0808c796a4f61a25dc818a57f7e2dac4d7cdfbd49b66c04ea12668feae388e7
01-01-01-01-01-01-03.mp4,neutral,3,male,normal,1,1,Video_Speech_Actor_03.zip,35226,aae27acbd572d64f55531095aa5ac24142806ebb166de3670ebcd5885e1ec82c
01-01-01-01-01-01-04.mp4,neutral,4,female,normal,1,1,Video_Speech_Actor_04.zip,33490,b260890ea065ce553d0e84ff11c84ebdae1cfbe4c5a8af20d272b0eca3db92cc
01-01-01-01-01-01-05.mp4,neutral,5,male,normal,1,1,Video_Speech_Actor_05.zip,39710,ba46445cb2cd0c835e562eebce840813b82dfbab27e836c758f7ba1eae8028eb
01-01-01-01-01-01-06.mp4,neutral,6,female,normal,1,1,Video_Speech_Actor_06.zip,36483,9e7886f9f95dbf9d3bae0f1da31259b79ccebc50cdb3eb74633b39645a4962d8
01-01-01-01-01-02-01.mp4,neutral,1,male,normal,1,2,Video_Speech_Actor_01.zip,35805,1a418662468370d207607b67d9e7f574811b840e8a222cdda4ebd695f0c3b432
01-01-01-01-01-02-02.mp4,neutral,2,female,normal,1,2,Video_Speech_Actor_02.zip,37614,8c69cafcb4d5e0b5f7c8b25361ce0ca4640bd985e2c4271a3091854a685c9c29
01-01-01-01-01-02-03.mp4,neutral,3,male,normal,1,2,Video_Speech_Actor_03.zip,41344,aacf9b6fbb0c62d2fbd26142a1715fbbce470da9ffb04a9cff9ac17bc418e8a7
01-01-01-01-01-02-04.mp4,neutral,4,female,normal,1,2,Video_Speech_Actor_04.zip,36298,5104083cd15b450175e8f297b30030d49a0fee4ca98a664a8891e57d808d2b7e
01-01-01-01-01-02-05.mp4,neutral,5,male,normal,1,2,Video_Speech_Actor_05.zip,40245,950f7f2dd4ab27eb867c38312798f8c742c27baa325336558cd4dff97e45a4c2
01-01-01-01-01-02-06.mp4,neutral,6,female,normal,1,2,Video_Speech_Actor_06.zip,40819,1e4d2a267af11568fb340d5967aff769614e7451de98b1c5a7ca0c54d059a339
01-01-01-01-02-01-01.mp4,neutral,1,male,normal,2,1,Video_Speech_Actor_01.zip,35103,25d392e791b026ed6b987afd115d2f6af116f8a48c90447671277c8b3ae624fa
01-01-01-01-02-01-02.mp4,neutral,2,female,normal,2,1,Video_Speech_Actor_02.zip,39045,518cef4235cfcecc08ce08fa381273155982ad43ef19a8d8129963c20cc17276
01-01-01-01-02-01-03.mp4,neutral,3,male,normal,2,1,Video_Speech_Actor_03.zip,37391,39860392e527b54d6d9ed362a3ddd13bd9989d5487a561607c7f4bd2359c96f7
01-01-01-01-02-01-04.mp4,neutral,4,female,normal,2,1,Video_Speech_Actor_04.zip,30798,47d05474d8802377c629c5aaab84d35a8dd65a89fa42c5d18731ce29cf8c8546
01-01-01-01-02-01-05.mp4,neutral,5,male,normal,2,1,Video_Speech_Actor_05.zip,35407,7e4520794a083706f2dcf638323530dbd35a5284285175fa4b63340f800c7fa8
01-01-01-01-02-01-06.mp4,neutral,6,female,normal,2,1,Video_Speech_Actor_06.zip,36843,024099bf45f37be10bd3fb288ea1778a2390049952a61a83a40b39a997eb9de4
01-01-01-01-02-02-01.mp4,neutral,1,male,normal,2,2,Video_Speech_Actor_01.zip,34407,d36767d31bbe988457495182c0f098950b535809fbd320eeb2ebe6e8487e3f25
01-01-01-01-02-02-02.mp4,neutral,2,female,normal,2,2,Video_Speech_Actor_02.zip,38218,8020942c125b6511edaa02fdb39b727340fe84edc375a5682076bd8789f4cbb7
01-01-03-01-01-01-01.mp4,happy,1,male,normal,1,1,Video_Speech_Actor_01.zip,42506,f12b00fae02c695353fa950c9279f527ac38aae991e1279fa8393bba3c368cb0
01-01-03-01-01-01-02.mp4,happy,2,female,normal,1,1,Video_Speech_Actor_02.zip,45430,084abd325fec741bca89968b722c322f14b31463e363d580b6a7476526f26395
01-01-03-01-01-01-03.mp4,happy,3,male,normal,1,1,Video_Speech_Actor_03.zip,48095,46f88e9d1081f4a64f41f7829b4ffe2e12ef23a9e26860d458f88f65a4a4b00f
01-01-03-01-01-01-04.mp4,happy,4,female,normal,1,1,Video_Speech_Actor_04.zip,37987,b3b5a9571b00c99b7b65853d81102696f276b41b749ccd60a913368738b98a4b
01-01-03-01-01-01-05.mp4,happy,5,male,normal,1,1,Video_Speech_Actor_05.zip,48246,1b58356a41da216a385a7ac870748b056f0e2c18ae0e8f99edb72c7c387d9811
01-01-03-01-01-01-06.mp4,happy,6,female,normal,1,1,Video_Speech_Actor_06.zip,50948,112351c9a7696f04b3dafe0313219410371f0e5d5bb62d7e985efb4a02037179
01-01-03-01-02-02-01.mp4,happy,1,male,normal,2,2,Video_Speech_Actor_01.zip,42983,5e3a18df13c27d7320738828bc9fb20cb498eb2dc7ed385044899c8e98ea631c
01-01-03-01-02-02-02.mp4,happy,2,female,normal,2,2,Video_Speech_Actor_02.zip,45979,2a855396ad6c260b0855cf0b906c2f4af207f758c6b3c164480ce4d9ecff4df0
01-01-03-01-02-02-03.mp4,happy,3,male,normal,2,2,Video_Speech_Actor_03.zip,38953,f52466d68dc2f26a7f844c2e13b533bea3cf2a71f82da73f08ddb151bb06031a
01-01-03-01-02-02-04.mp4,happy,4,female,normal,2,2,Video_Speech_Actor_04.zip,40154,0900bad66419bb5739718095c010280dc651b949ab9baa09c032e512d20a8ac0
01-01-03-01-02-02-05.mp4,happy,5,male,normal,2,2,Video_Speech_Actor_05.zip,47316,d54967de7e209f285c879084cf1e16398297861a7f27433c715c2b93a7d25ef9
01-01-03-01-02-02-06.mp4,happy,6,female,normal,2,2,Video_Speech_Actor_06.zip,50173,7fcecc33ecafed014218e542e662d9b65e276480d88326672e210adb9ce44c94
01-01-03-02-01-01-01.mp4,happy,1,male,strong,1,1,Video_Speech_Actor_01.zip,50821,f5cafe6a3999d5da9f48cb87b229995aa2aff06a9dc941fd8d8be979bd41925c
01-01-03-02-01-01-02.mp4,happy,2,female,strong,1,1,Video_Speech_Actor_02.zip,43996,2d7072bd2cfc4773b0745077604f29e77d8b6998c8c72524750f95574de60327
01-01-03-02-01-01-03.mp4,happy,3,male,strong,1,1,Video_Speech_Actor_03.zip,67693,e9ff26a34d307f7f16e78e6bd03a92a99f1b6e7296aac6dfc694b47c880bea22
01-01-03-02-01-01-05.mp4,happy,5,male,strong,1,1,Video_Speech_Actor_05.zip,51326,9eb4bda4b1c3b31922f9931ef65888beab5f14ea0879add49544ca4ba2fd7f98
01-01-03-02-02-02-01.mp4,happy,1,male,strong,2,2,Video_Speech_Actor_01.zip,52910,ff4a3a0c6f59bfeb0890e8fbd7e3d71e676dfb631f35ec02c81bf470dea7f8f9
01-01-03-02-02-02-02.mp4,happy,2,female,strong,2,2,Video_Speech_Actor_02.zip,44796,7a50f1bdb22ef122e4c82f294dcbe4d31eb389c4ea34790e3953141ebf920006
01-01-03-02-02-02-04.mp4,happy,4,female,strong,2,2,Video_Speech_Actor_04.zip,51075,135b2b346c8c80dc39049a19ac23c6a41ee42c32c25621534f3cfb18df97d701
01-01-03-02-02-02-06.mp4,happy,6,female,strong,2,2,Video_Speech_Actor_06.zip,60772,7422a64d39b2987586b5babdaf86d99bcceeeed4568d1648121b6a0c7c5477c8
01-01-04-01-01-01-01.mp4,sad,1,male,normal,1,1,Video_Speech_Actor_01.zip,41268,e02d075cd9c8fd3e743a57b09c4235a9a8fa543883f33082ea03a45329ff3295
01-01-04-01-01-01-02.mp4,sad,2,female,normal,1,1,Video_Speech_Actor_02.zip,37062,6111c21bd54488d3db8e5136a9348dcd542cde3c93bb9a10a3fbfbdd25fc1300
01-01-04-01-01-01-03.mp4,sad,3,male,normal,1,1,Video_Speech_Actor_03.zip,39269,6dad7224aeb78d3fce29cdc66b8485c234349ad63a111411915c84bfd61a8330
01-01-04-01-01-01-04.mp4,sad,4,female,normal,1,1,Video_Speech_Actor_04.zip,42725,6ebe7d622c3589f155bfef9f83462514ac0cff359892e76ecbeeda17e726dd53
01-01-04-01-01-01-05.mp4,sad,5,male,normal,1,1,Video_Speech_Actor_05.zip,36422,8ed6c09839a3938922ec1c1f0def088f445a746bf58cdfc1fcfce4ffa9bfc900
01-01-04-01-01-01-06.mp4,sad,6,female,normal,1,1,Video_Speech_Actor_06.zip,39325,e7b571a5a24d086fac80ef1eb4d0bd46f4adb69450a9aacd5266d4a70294bb47
01-01-04-01-02-02-01.mp4,sad,1,male,normal,2,2,Video_Speech_Actor_01.zip,31991,ece9f4d9a3a259991bc7c9000ea90141e0604b057bc9c2f4646f0937e9525cbe
01-01-04-01-02-02-02.mp4,sad,2,female,normal,2,2,Video_Speech_Actor_02.zip,34311,8b14b272e6b38504eba98a542ce5aa49cdfb2ae42e57206380762f31b29268be
01-01-04-01-02-02-03.mp4,sad,3,male,normal,2,2,Video_Speech_Actor_03.zip,40134,07238f1cb7bd49adcdbc0768a205a70618815f57d182be62eda8f1f84c8b15ba
01-01-04-01-02-02-04.mp4,sad,4,female,normal,2,2,Video_Speech_Actor_04.zip,41142,d84ed447f2024c47f5d10957c1f9b1ff367e56c649afc252904f98d1d22e363d
01-01-04-01-02-02-05.mp4,sad,5,male,normal,2,2,Video_Speech_Actor_05.zip,38928,84773ca49714fea69fd0c212d7550aecd902d19850b7316782e59f3d00085703
01-01-04-01-02-02-06.mp4,sad,6,female,normal,2,2,Video_Speech_Actor_06.zip,34327,35f06397f32ad454c9ac2d8f7a737ec1a4d1ff68ea21624bef68cde366fb2bb2
01-01-04-02-01-01-01.mp4,sad,1,male,strong,1,1,Video_Speech_Actor_01.zip,39172,8c9229ecb85aed9d937414c8533f3044ffe36abc3fe3265db40f78c9be2edb7b
01-01-04-02-01-01-02.mp4,sad,2,female,strong,1,1,Video_Speech_Actor_02.zip,37209,c507fda45ea7ee43343cb34fd39d80c87313d9afc42d727fa91ef1d3fe296df7
01-01-04-02-01-01-03.mp4,sad,3,male,strong,1,1,Video_Speech_Actor_03.zip,54335,f7965b50ba0074769afce2e7d231177200da1900cad81edae7bf1d95071d1fcc
01-01-04-02-01-01-05.mp4,sad,5,male,strong,1,1,Video_Speech_Actor_05.zip,40313,b4f2545c67c47c2efc552e6a030b4dd5dda3863efedff595a98ec6b7d27a24cb
01-01-04-02-02-02-01.mp4,sad,1,male,strong,2,2,Video_Speech_Actor_01.zip,39878,426ca0890785a5b938a2b531455d9c1d5791071238bfc9d96b1a6b46a863dad3
01-01-04-02-02-02-02.mp4,sad,2,female,strong,2,2,Video_Speech_Actor_02.zip,35066,ca1a1be3848ae303359ad72f0c232c66aaea5d816de56d520a092184ea1f3baa
01-01-04-02-02-02-04.mp4,sad,4,female,strong,2,2,Video_Speech_Actor_04.zip,49234,11ad8f512856b2f0643722de8e712d25ed29280f88aed04df075e38cdfd13366
01-01-04-02-02-02-06.mp4,sad,6,female,strong,2,2,Video_Speech_Actor_06.zip,51104,e05d3275272c8de3bea78a89aebb6be2c19d922ae5c3a99b3976c7e7b6b800f8
01-01-05-01-01-01-01.mp4,angry,1,male,normal,1,1,Video_Speech_Actor_01.zip,47978,9e7173aac37e34ffaf3922e368f885d23a8475dae91687a84bfa129bed501a3a
01-01-05-01-01-01-02.mp4,angry,2,female,normal,1,1,Video_Speech_Actor_02.zip,41260,eb8853b71ce35cedd3794bdf5a3e076eabfff9cfe32f98a00b687946f7c13930
01-01-05-01-01-01-03.mp4,angry,3,male,normal,1,1,Video_Speech_Actor_03.zip,50115,680323a19881bdde7992c12439a8fb827d76c256fd17f597564f28e387b22876
01-01-05-01-01-01-04.mp4,angry,4,female,normal,1,1,Video_Speech_Actor_04.zip,43165,3ae7c91b18bf36c9241cbfecec1e02235157407ffa04cefd6b5089ca081e4d5a
01-01-05-01-01-01-05.mp4,angry,5,male,normal,1,1,Video_Speech_Actor_05.zip,44077,7146022edee0f65e7819138a324608c77f3047538c6af712f820a579104117e8
01-01-05-01-01-01-06.mp4,angry,6,female,normal,1,1,Video_Speech_Actor_06.zip,44770,fb3403e9625d058bd29926e1fb3f61d1d9be657ff2e9e5678d4be172baf57b0f
01-01-05-01-02-02-01.mp4,angry,1,male,normal,2,2,Video_Speech_Actor_01.zip,49639,1abf526c1c5d32d378da768a127f3b2c943717c97d0b7a95100fd4a2af12397c
01-01-05-01-02-02-02.mp4,angry,2,female,normal,2,2,Video_Speech_Actor_02.zip,42917,e812a1491a3399b59631efc5025ed12103b4397f95b85106103c74fbd489ddd4
01-01-05-01-02-02-03.mp4,angry,3,male,normal,2,2,Video_Speech_Actor_03.zip,52883,e12c86cd67ed8ebdd3909bd25298ad43f87f1add17a942918317dffd3373b246
01-01-05-01-02-02-04.mp4,angry,4,female,normal,2,2,Video_Speech_Actor_04.zip,47323,7ea098d05d5ac234e386695b80f2d539ba8de0bc25b674fd273ea173ccec1462
01-01-05-01-02-02-05.mp4,angry,5,male,normal,2,2,Video_Speech_Actor_05.zip,50021,c8b09d3d04b066e1ce27dd03aaff44eb1ef4a32f5eb25b39bb32f6d466245078
01-01-05-01-02-02-06.mp4,angry,6,female,normal,2,2,Video_Speech_Actor_06.zip,46669,ca5962af8175ab01f4299446d72619b6604aa8c0d519608728c660c9a92c88c5
01-01-05-02-01-01-01.mp4,angry,1,male,strong,1,1,Video_Speech_Actor_01.zip,61671,e07f4fe69bdd5431898b298f34fc9d74fc6878ce04ebeb141dacc970482587cc
01-01-05-02-01-01-02.mp4,angry,2,female,strong,1,1,Video_Speech_Actor_02.zip,47018,99d25f74bc553ecabde0e324c3433cc8632303e68e11abb7fec988c102ca022a
01-01-05-02-01-01-03.mp4,angry,3,male,strong,1,1,Video_Speech_Actor_03.zip,65826,32e23b7963bca4dc481afc5a4b493e107f6326b9d62d12bad421abdb8a350cc6
01-01-05-02-01-01-05.mp4,angry,5,male,strong,1,1,Video_Speech_Actor_05.zip,46160,9c798257c31485a84687d39ace9759682578e267d832bfe387f8f6e3d643e160
01-01-05-02-02-02-01.mp4,angry,1,male,strong,2,2,Video_Speech_Actor_01.zip,70365,e86e692b829fda89111413f69b2dc910c98e8d148d198afc3c07c321c4876453
01-01-05-02-02-02-02.mp4,angry,2,female,strong,2,2,Video_Speech_Actor_02.zip,49271,20d6cb3d1a74903c3df488f5c5f1629a468efb8414cce1c9e79fdc790f5c46b4
01-01-05-02-02-02-04.mp4,angry,4,female,strong,2,2,Video_Speech_Actor_04.zip,54425,b8539a5479fcaf116ddc01143c4461bd0c8cc13567bf345e9600f6512253e6ab
01-01-05-02-02-02-06.mp4,angry,6,female,strong,2,2,Video_Speech_Actor_06.zip,67390,74192ac6dd32411ed5a1cab37e0b1b1f1f72156044e87c2cf52ebcb611d9bf05
